{
  "test_macro_f1": 0.7176461687809825,
  "test_micro_f1": 0.7683168316831683
}