{
  "test_macro_f1": 0.7097810830206897,
  "test_micro_f1": 0.7663180670753696
}